<?xml version="1.0" encoding="UTF-8"?>

<Device xmlns="http://hl7.org/fhir">
  <id value="Acticore1App"/>
  <text>
    <status value="generated"/><div xmlns="http://www.w3.org/1999/xhtml"><p><b>Generated Narrative</b></p><p><b>manufacturer</b>: ACTICORE</p><p><b>serialNumber</b>: example</p><h3>DeviceNames</h3><table class="grid"><tr><td>-</td><td><b>Name</b></td><td><b>Type</b></td></tr><tr><td>*</td><td>ACTICORE1 App</td><td>model-name</td></tr></table><h3>Versions</h3><table class="grid"><tr><td>-</td><td><b>Value</b></td></tr><tr><td>*</td><td>1.2</td></tr></table><p><b>patient</b>: <a href="Patient-ActicorePatientBeispiel.html">Generated Summary: Max Mustermann ; gender: male; birthDate: 1970-01-01</a></p></div>
  </text>
  <manufacturer value="ACTICORE"/>
  <serialNumber value="example"/>
  <deviceName>
    <name value="ACTICORE1 App"/>
    <type value="model-name"/>
  </deviceName>
  <version>
    <value value="1.2"/>
  </version>
  <patient>
    <reference value="Patient/ActicorePatientBeispiel"/>
  </patient>
</Device>