<?xml version="1.0" encoding="UTF-8"?>

<Observation xmlns="http://hl7.org/fhir">
  <id value="ActicoreObservationBeispiel1"/>
  <meta>
    <profile value="https://acticore.com/fhir/StructureDefinition/ActicoreObservation"/>
  </meta>
  <text>
    <status value="generated"/><div xmlns="http://www.w3.org/1999/xhtml"><p><b>Generated Narrative</b></p><p></p><p><b>category</b>: <span title="Codes: {http://terminology.hl7.org/CodeSystem/observation-category therapy}">Therapy</span></p><p><b>code</b>: <span title="Codes: {http://snomed.info/sct 88965008}">Muscular endurance development exercise (regime/therapy)</span></p><p><b>subject</b>: <a href="Patient-ActicorePatientBeispiel.html">Generated Summary: Max Mustermann ; gender: male; birthDate: 1970-01-01</a></p><p><b>effective</b>: 2021-03-12</p><p><b>value</b>: 86 percent</p><p><b>bodySite</b>: <span title="Codes: {http://snomed.info/sct 87770006}">Pelvic floor structure (body structure)</span></p><p><b>method</b>: <span title="Codes: {http://snomed.info/sct 183306002}">Pelvic floor exercises (regime/therapy)</span></p><p><b>device</b>: <a href="ActicoreSeat">ActicoreSeat</a></p></div>
  </text>
  <status value="final"/>
  <category>
    <coding>
      <system value="http://terminology.hl7.org/CodeSystem/observation-category"/>
      <code value="therapy"/>
      <display value="Therapy"/>
    </coding>
  </category>
  <code>
    <coding>
      <system value="http://snomed.info/sct"/>
      <code value="88965008"/>
      <display value="Muscular endurance development exercise (regime/therapy)"/>
    </coding>
  </code>
  <subject>
    <reference value="Patient/ActicorePatientBeispiel"/>
  </subject>
  <effectiveDateTime value="2021-03-12"/>
  <valueQuantity>
    <value value="86"/>
    <unit value="percent"/>
    <system value="http://unitsofmeasure.org"/>
    <code value="%"/>
  </valueQuantity>
  <bodySite>
    <coding>
      <system value="http://snomed.info/sct"/>
      <code value="87770006"/>
      <display value="Pelvic floor structure (body structure)"/>
    </coding>
  </bodySite>
  <method>
    <coding>
      <system value="http://snomed.info/sct"/>
      <code value="183306002"/>
      <display value="Pelvic floor exercises (regime/therapy)"/>
    </coding>
  </method>
  <device>
    <reference value="ActicoreSeat"/>
  </device>
</Observation>