<?xml version="1.0" encoding="UTF-8"?>

<Composition xmlns="http://hl7.org/fhir">
  <id value="ActicoreCompositionBeispiel"/>
  <meta>
    <profile value="http://example.org/StructureDefinition/ActicoreComposition"/>
  </meta>
  <text>
    <status value="generated"/><p></p><h3>Datenexport aus ACTICORE vom 12.2.2021</h3><p>für Max Mustermann (*01.01.1979)</p><p>von DiGa ACTICORE (Version 1.2)</p><p></p>
  </text>
  <status value="final"/>
  <type>
    <text value="DiGa-Datenexport"/>
  </type>
  <subject>
    <reference value="Patient/ActicorePatientBeispiel"/>
  </subject>
  <date value="2021-03-12"/>
  <author>
    <reference value="Device/Acticore1App"/>
  </author>
  <title value="Datenexport aus Acticore"/>
  <section>
    <title value="Diagnosen"/>
    <text>
      <status value="generated"/><p></p><h3>Diagnosen</h3><ul><li>Diagnose: Inkontinenz (erfasst am 12.3.2021)</li></ul><p></p>
    </text>
    <entry>
      <reference value="Condition/ActicoreDiagnoseBeispiel"/>
    </entry>
  </section>
  <section>
    <title value="Übungsergebnisse"/>
    <text>
      <status value="generated"/><table><tr><th>Datum</th><th>Übung</th><th>Ergebnis</th></tr><tr><td>12.3.2021</td><td>Ausdauer</td><td>86%</td></tr><tr><td>11.3.2021</td><td>Koordination</td><td>72%</td></tr></table>
    </text>
    <entry>
      <reference value="Observation/ActicoreObservationBeispiel1"/>
    </entry>
    <entry>
      <reference value="Observation/ActicoreObservationBeispiel2"/>
    </entry>
  </section>
</Composition>