<?xml version="1.0" encoding="UTF-8"?>

<Condition xmlns="http://hl7.org/fhir">
  <id value="ActicoreDiagnoseBeispiel"/>
  <meta>
    <profile value="https://acticore.com/fhir/StructureDefinition/ActicoreDiagnose"/>
  </meta>
  <text>
    <status value="generated"/><div xmlns="http://www.w3.org/1999/xhtml"><p><b>Generated Narrative</b></p><p><b>code</b>: <span title="Codes: ">Inkontinenz</span></p><p><b>subject</b>: <a href="Patient-ActicorePatientBeispiel.html">Generated Summary: Max Mustermann ; gender: male; birthDate: 1970-01-01</a></p><p><b>recordedDate</b>: 2021-03-12</p></div>
  </text>
  <code>
    <text value="Inkontinenz"/>
  </code>
  <subject>
    <reference value="Patient/ActicorePatientBeispiel"/>
  </subject>
  <recordedDate value="2021-03-12"/>
</Condition>