<?xml version="1.0" encoding="UTF-8"?>

<Observation xmlns="http://hl7.org/fhir">
  <id value="ActicoreObservationBeispiel2"/>
  <meta>
    <profile value="https://acticore.com/fhir/StructureDefinition/ActicoreObservation"/>
  </meta>
  <text>
    <status value="generated"/><div xmlns="http://www.w3.org/1999/xhtml"><p><b>Generated Narrative</b></p><p></p><p><b>category</b>: <span title="Codes: {http://terminology.hl7.org/CodeSystem/observation-category therapy}">Therapy</span></p><p><b>code</b>: <span title="Codes: {http://snomed.info/sct 83439001}">Coordination exercise (regime/therapy)</span></p><p><b>subject</b>: <a href="Patient-ActicorePatientBeispiel.html">Generated Summary: Max Mustermann ; gender: male; birthDate: 1970-01-01</a></p><p><b>effective</b>: 2021-03-11</p><p><b>value</b>: 72 percent</p><p><b>bodySite</b>: <span title="Codes: {http://snomed.info/sct 87770006}">Pelvic floor structure (body structure)</span></p><p><b>method</b>: <span title="Codes: {http://snomed.info/sct 183306002}">Pelvic floor exercises (regime/therapy)</span></p><p><b>device</b>: <a href="Device-Acticore1App.html">Generated Summary: manufacturer: ACTICORE; serialNumber: example</a></p></div>
  </text>
  <status value="final"/>
  <category>
    <coding>
      <system value="http://terminology.hl7.org/CodeSystem/observation-category"/>
      <code value="therapy"/>
      <display value="Therapy"/>
    </coding>
  </category>
  <code>
    <coding>
      <system value="http://snomed.info/sct"/>
      <code value="83439001"/>
      <display value="Coordination exercise (regime/therapy)"/>
    </coding>
  </code>
  <subject>
    <reference value="Patient/ActicorePatientBeispiel"/>
  </subject>
  <effectiveDateTime value="2021-03-11"/>
  <valueQuantity>
    <value value="72"/>
    <unit value="percent"/>
    <system value="http://unitsofmeasure.org"/>
    <code value="%"/>
  </valueQuantity>
  <bodySite>
    <coding>
      <system value="http://snomed.info/sct"/>
      <code value="87770006"/>
      <display value="Pelvic floor structure (body structure)"/>
    </coding>
  </bodySite>
  <method>
    <coding>
      <system value="http://snomed.info/sct"/>
      <code value="183306002"/>
      <display value="Pelvic floor exercises (regime/therapy)"/>
    </coding>
  </method>
  <device>
    <reference value="Device/Acticore1App"/>
  </device>
</Observation>