{
  "resourceType": "Patient",
  "id": "ActicorePatientBeispiel",
  "meta": {
    "profile": [
      "https://acticore.com/fhir/StructureDefinition/ActicorePatient"
    ]
  },
  "text": {
    "status": "generated",
    "div": "<div xmlns=\"http://www.w3.org/1999/xhtml\"><p><b>Generated Narrative</b></p><p><b>name</b>: Max Mustermann </p><p><b>gender</b>: male</p><p><b>birthDate</b>: 1970-01-01</p></div>"
  },
  "name": [
    {
      "family": "Mustermann",
      "given": [
        "Max"
      ]
    }
  ],
  "gender": "male",
  "birthDate": "1970-01-01"
}