{"resourceType":"ImplementationGuide","id":"fhir.example","text":{"status":"extensions","div":"<div xmlns=\"http://www.w3.org/1999/xhtml\"><h2>TestIG</h2><p>The official URL for this implementation guide is: </p><pre>http://example.org/ImplementationGuide/fhir.example</pre></div>"},"url":"http://example.org/ImplementationGuide/fhir.example","version":"0.1.0","name":"TestIG","status":"draft","date":"2021-10-08T12:45:55+00:00","publisher":"Gefyra GmbH","contact":[{"name":"Gefyra GmbH","telecom":[{"system":"url","value":"http://gefyra.de"}]}],"packageId":"fhir.example","license":"CC0-1.0","fhirVersion":["4.0.1"],"definition":{"extension":[{"extension":[{"url":"code","valueString":"copyrightyear"},{"url":"value","valueString":"2021+"}],"url":"http://hl7.org/fhir/tools/StructureDefinition/ig-parameter"},{"extension":[{"url":"code","valueString":"releaselabel"},{"url":"value","valueString":"ci-build"}],"url":"http://hl7.org/fhir/tools/StructureDefinition/ig-parameter"},{"extension":[{"url":"code","valueString":"path-liquid"},{"url":"value","valueString":"template/liquid"}],"url":"http://hl7.org/fhir/tools/StructureDefinition/ig-parameter"},{"extension":[{"url":"code","valueString":"path-liquid"},{"url":"value","valueString":"input/liquid"}],"url":"http://hl7.org/fhir/tools/StructureDefinition/ig-parameter"},{"extension":[{"url":"code","valueString":"path-qa"},{"url":"value","valueString":"temp/qa"}],"url":"http://hl7.org/fhir/tools/StructureDefinition/ig-parameter"},{"extension":[{"url":"code","valueString":"path-temp"},{"url":"value","valueString":"temp/pages"}],"url":"http://hl7.org/fhir/tools/StructureDefinition/ig-parameter"},{"extension":[{"url":"code","valueString":"path-output"},{"url":"value","valueString":"output"}],"url":"http://hl7.org/fhir/tools/StructureDefinition/ig-parameter"},{"extension":[{"url":"code","valueString":"path-suppressed-warnings"},{"url":"value","valueString":"input/ignoreWarnings.txt"}],"url":"http://hl7.org/fhir/tools/StructureDefinition/ig-parameter"},{"extension":[{"url":"code","valueString":"path-history"},{"url":"value","valueString":"http://example.org/history.html"}],"url":"http://hl7.org/fhir/tools/StructureDefinition/ig-parameter"},{"extension":[{"url":"code","valueString":"template-html"},{"url":"value","valueString":"template-page.html"}],"url":"http://hl7.org/fhir/tools/StructureDefinition/ig-parameter"},{"extension":[{"url":"code","valueString":"template-md"},{"url":"value","valueString":"template-page-md.html"}],"url":"http://hl7.org/fhir/tools/StructureDefinition/ig-parameter"},{"extension":[{"url":"code","valueString":"apply-contact"},{"url":"value","valueString":"true"}],"url":"http://hl7.org/fhir/tools/StructureDefinition/ig-parameter"},{"extension":[{"url":"code","valueString":"apply-context"},{"url":"value","valueString":"true"}],"url":"http://hl7.org/fhir/tools/StructureDefinition/ig-parameter"},{"extension":[{"url":"code","valueString":"apply-copyright"},{"url":"value","valueString":"true"}],"url":"http://hl7.org/fhir/tools/StructureDefinition/ig-parameter"},{"extension":[{"url":"code","valueString":"apply-jurisdiction"},{"url":"value","valueString":"true"}],"url":"http://hl7.org/fhir/tools/StructureDefinition/ig-parameter"},{"extension":[{"url":"code","valueString":"apply-license"},{"url":"value","valueString":"true"}],"url":"http://hl7.org/fhir/tools/StructureDefinition/ig-parameter"},{"extension":[{"url":"code","valueString":"apply-publisher"},{"url":"value","valueString":"true"}],"url":"http://hl7.org/fhir/tools/StructureDefinition/ig-parameter"},{"extension":[{"url":"code","valueString":"apply-version"},{"url":"value","valueString":"true"}],"url":"http://hl7.org/fhir/tools/StructureDefinition/ig-parameter"},{"extension":[{"url":"code","valueString":"active-tables"},{"url":"value","valueString":"true"}],"url":"http://hl7.org/fhir/tools/StructureDefinition/ig-parameter"}],"grouping":[{"id":"-str-profile","name":"Structures: Resource Profiles","description":"These define constraints on FHIR resources for systems conforming to this implementation guide"},{"id":"-term-valueset","name":"Terminology: Value Sets","description":"These define sets of codes used by systems conforming to this implementation guide"},{"id":"-ex-example","name":"Example: Example Instances","description":"These are example instances that show what data produced and consumed by systems conforming with this implementation guide might look like"}],"resource":[{"extension":[{"url":"http://hl7.org/fhir/StructureDefinition/implementationguide-page","valueUri":"StructureDefinition-ActicoreBundle.html"}],"reference":{"reference":"StructureDefinition/ActicoreBundle"},"name":"Export-Bundle","exampleBoolean":false,"groupingId":"-str-profile"},{"extension":[{"url":"http://hl7.org/fhir/StructureDefinition/implementationguide-page","valueUri":"StructureDefinition-ActicoreComposition.html"}],"reference":{"reference":"StructureDefinition/ActicoreComposition"},"name":"Strukturiertes Export-Dokument","exampleBoolean":false,"groupingId":"-str-profile"},{"extension":[{"url":"http://hl7.org/fhir/StructureDefinition/implementationguide-page","valueUri":"StructureDefinition-ActicoreDiagnose.html"}],"reference":{"reference":"StructureDefinition/ActicoreDiagnose"},"name":"Diagnose-Profil der DiGa ACTICORE","exampleBoolean":false,"groupingId":"-str-profile"},{"extension":[{"url":"http://hl7.org/fhir/StructureDefinition/implementationguide-page","valueUri":"StructureDefinition-ActicoreObservation.html"}],"reference":{"reference":"StructureDefinition/ActicoreObservation"},"name":"Observation-Profile der DiGa ACTICORE zur Repräsentation der in den einzelnen Übungseinheiten erzielten Punktwerte","exampleBoolean":false,"groupingId":"-str-profile"},{"extension":[{"url":"http://hl7.org/fhir/StructureDefinition/implementationguide-page","valueUri":"StructureDefinition-ActicorePatient.html"}],"reference":{"reference":"StructureDefinition/ActicorePatient"},"name":"Patienten-Profil der DiGa ACTICORE","exampleBoolean":false,"groupingId":"-str-profile"},{"extension":[{"url":"http://hl7.org/fhir/StructureDefinition/implementationguide-page","valueUri":"StructureDefinition-MyPatient.html"}],"reference":{"reference":"StructureDefinition/MyPatient"},"name":"MyPatient","description":"An example profile of the Patient resource.","exampleBoolean":false,"groupingId":"-str-profile"},{"extension":[{"url":"http://hl7.org/fhir/StructureDefinition/implementationguide-page","valueUri":"ValueSet-ActicoreTherapieTyp.html"}],"reference":{"reference":"ValueSet/ActicoreTherapieTyp"},"name":"Acticore Therapie-Typen","exampleBoolean":false,"groupingId":"-term-valueset"},{"extension":[{"url":"http://hl7.org/fhir/StructureDefinition/implementationguide-page","valueUri":"Device-Acticore1App.html"}],"reference":{"reference":"Device/Acticore1App"},"name":"Acticore1App","exampleBoolean":true,"groupingId":"-ex-example"},{"extension":[{"url":"http://hl7.org/fhir/StructureDefinition/implementationguide-page","valueUri":"Device-Acticore1SensorSeat.html"}],"reference":{"reference":"Device/Acticore1SensorSeat"},"name":"Acticore1SensorSeat","exampleBoolean":true,"groupingId":"-ex-example"},{"extension":[{"url":"http://hl7.org/fhir/StructureDefinition/implementationguide-page","valueUri":"Composition-ActicoreCompositionBeispiel.html"}],"reference":{"reference":"Composition/ActicoreCompositionBeispiel"},"name":"ActicoreCompositionBeispiel","exampleCanonical":"http://example.org/StructureDefinition/ActicoreComposition","groupingId":"-ex-example"},{"extension":[{"url":"http://hl7.org/fhir/StructureDefinition/implementationguide-page","valueUri":"Condition-ActicoreDiagnoseBeispiel.html"}],"reference":{"reference":"Condition/ActicoreDiagnoseBeispiel"},"name":"ActicoreDiagnoseBeispiel","exampleCanonical":"https://acticore.com/fhir/StructureDefinition/ActicoreDiagnose","groupingId":"-ex-example"},{"extension":[{"url":"http://hl7.org/fhir/StructureDefinition/implementationguide-page","valueUri":"Observation-ActicoreObservationBeispiel1.html"}],"reference":{"reference":"Observation/ActicoreObservationBeispiel1"},"name":"ActicoreObservationBeispiel1","exampleCanonical":"https://acticore.com/fhir/StructureDefinition/ActicoreObservation","groupingId":"-ex-example"},{"extension":[{"url":"http://hl7.org/fhir/StructureDefinition/implementationguide-page","valueUri":"Observation-ActicoreObservationBeispiel2.html"}],"reference":{"reference":"Observation/ActicoreObservationBeispiel2"},"name":"ActicoreObservationBeispiel2","exampleCanonical":"https://acticore.com/fhir/StructureDefinition/ActicoreObservation","groupingId":"-ex-example"},{"extension":[{"url":"http://hl7.org/fhir/StructureDefinition/implementationguide-page","valueUri":"Patient-ActicorePatientBeispiel.html"}],"reference":{"reference":"Patient/ActicorePatientBeispiel"},"name":"ActicorePatientBeispiel","exampleCanonical":"https://acticore.com/fhir/StructureDefinition/ActicorePatient","groupingId":"-ex-example"},{"extension":[{"url":"http://hl7.org/fhir/StructureDefinition/implementationguide-page","valueUri":"Bundle-BeispielBundle.html"}],"reference":{"reference":"Bundle/BeispielBundle"},"name":"BeispielBundle","exampleCanonical":"http://example.org/StructureDefinition/ActicoreBundle","groupingId":"-ex-example"},{"extension":[{"url":"http://hl7.org/fhir/StructureDefinition/implementationguide-page","valueUri":"Patient-PatientExample.html"}],"reference":{"reference":"Patient/PatientExample"},"name":"PatientExample","description":"An example of a patient with a license to krill.","exampleCanonical":"http://example.org/StructureDefinition/MyPatient","groupingId":"-ex-example"}],"page":{"nameUrl":"toc.html","title":"Table of Contents","generation":"html","page":[{"nameUrl":"index.html","title":"Home","generation":"markdown"},{"nameUrl":"artifacts.html","title":"Artifacts Summary","generation":"html","page":[{"nameUrl":"StructureDefinition-ActicoreBundle.html","title":"Export-Bundle","generation":"generated"},{"nameUrl":"StructureDefinition-ActicoreComposition.html","title":"Strukturiertes Export-Dokument","generation":"generated"},{"nameUrl":"StructureDefinition-ActicoreDiagnose.html","title":"Diagnose-Profil der DiGa ACTICORE","generation":"generated"},{"nameUrl":"StructureDefinition-ActicoreObservation.html","title":"Observation-Profile der DiGa ACTICORE zur Repräsentation der in den einzelnen Übungseinheiten erzielten Punktwerte","generation":"generated"},{"nameUrl":"StructureDefinition-ActicorePatient.html","title":"Patienten-Profil der DiGa ACTICORE","generation":"generated"},{"nameUrl":"StructureDefinition-MyPatient.html","title":"MyPatient","generation":"generated"},{"nameUrl":"ValueSet-ActicoreTherapieTyp.html","title":"Acticore Therapie-Typen","generation":"generated"},{"nameUrl":"Device-Acticore1App.html","title":"Acticore1App","generation":"generated"},{"nameUrl":"Device-Acticore1SensorSeat.html","title":"Acticore1SensorSeat","generation":"generated"},{"nameUrl":"Composition-ActicoreCompositionBeispiel.html","title":"ActicoreCompositionBeispiel","generation":"generated"},{"nameUrl":"Condition-ActicoreDiagnoseBeispiel.html","title":"ActicoreDiagnoseBeispiel","generation":"generated"},{"nameUrl":"Observation-ActicoreObservationBeispiel1.html","title":"ActicoreObservationBeispiel1","generation":"generated"},{"nameUrl":"Observation-ActicoreObservationBeispiel2.html","title":"ActicoreObservationBeispiel2","generation":"generated"},{"nameUrl":"Patient-ActicorePatientBeispiel.html","title":"ActicorePatientBeispiel","generation":"generated"},{"nameUrl":"Bundle-BeispielBundle.html","title":"BeispielBundle","generation":"generated"},{"nameUrl":"Patient-PatientExample.html","title":"PatientExample","generation":"generated"}]}]},"parameter":[{"code":"path-resource","value":"input/capabilities"},{"code":"path-resource","value":"input/examples"},{"code":"path-resource","value":"input/extensions"},{"code":"path-resource","value":"input/models"},{"code":"path-resource","value":"input/operations"},{"code":"path-resource","value":"input/profiles"},{"code":"path-resource","value":"input/resources"},{"code":"path-resource","value":"input/vocabulary"},{"code":"path-resource","value":"input/maps"},{"code":"path-resource","value":"input/testing"},{"code":"path-resource","value":"input/history"},{"code":"path-resource","value":"fsh-generated/resources"},{"code":"path-pages","value":"template/config"},{"code":"path-pages","value":"input/images"},{"code":"path-tx-cache","value":"input-cache/txcache"}]}}