<?xml version="1.0" encoding="UTF-8"?><ImplementationGuide xmlns="http://hl7.org/fhir"><id value="fhir.example"/><text><status value="extensions"/><div xmlns="http://www.w3.org/1999/xhtml"><h2>TestIG</h2><p>The official URL for this implementation guide is: </p><pre>http://example.org/ImplementationGuide/fhir.example</pre></div></text><url value="http://example.org/ImplementationGuide/fhir.example"/><version value="0.1.0"/><name value="TestIG"/><status value="draft"/><date value="2021-10-08T10:53:16+00:00"/><publisher value="Gefyra GmbH"/><contact><name value="Gefyra GmbH"/><telecom><system value="url"/><value value="http://gefyra.de"/></telecom></contact><packageId value="fhir.example"/><license value="CC0-1.0"/><fhirVersion value="4.0.1"/><definition><extension url="http://hl7.org/fhir/tools/StructureDefinition/ig-parameter"><extension url="code"><valueString value="copyrightyear"/></extension><extension url="value"><valueString value="2021+"/></extension></extension><extension url="http://hl7.org/fhir/tools/StructureDefinition/ig-parameter"><extension url="code"><valueString value="releaselabel"/></extension><extension url="value"><valueString value="ci-build"/></extension></extension><extension url="http://hl7.org/fhir/tools/StructureDefinition/ig-parameter"><extension url="code"><valueString value="path-liquid"/></extension><extension url="value"><valueString value="template/liquid"/></extension></extension><extension url="http://hl7.org/fhir/tools/StructureDefinition/ig-parameter"><extension url="code"><valueString value="path-liquid"/></extension><extension url="value"><valueString value="input/liquid"/></extension></extension><extension url="http://hl7.org/fhir/tools/StructureDefinition/ig-parameter"><extension url="code"><valueString value="path-qa"/></extension><extension url="value"><valueString value="temp/qa"/></extension></extension><extension url="http://hl7.org/fhir/tools/StructureDefinition/ig-parameter"><extension url="code"><valueString value="path-temp"/></extension><extension url="value"><valueString value="temp/pages"/></extension></extension><extension url="http://hl7.org/fhir/tools/StructureDefinition/ig-parameter"><extension url="code"><valueString value="path-output"/></extension><extension url="value"><valueString value="output"/></extension></extension><extension url="http://hl7.org/fhir/tools/StructureDefinition/ig-parameter"><extension url="code"><valueString value="path-suppressed-warnings"/></extension><extension url="value"><valueString value="input/ignoreWarnings.txt"/></extension></extension><extension url="http://hl7.org/fhir/tools/StructureDefinition/ig-parameter"><extension url="code"><valueString value="path-history"/></extension><extension url="value"><valueString value="http://example.org/history.html"/></extension></extension><extension url="http://hl7.org/fhir/tools/StructureDefinition/ig-parameter"><extension url="code"><valueString value="template-html"/></extension><extension url="value"><valueString value="template-page.html"/></extension></extension><extension url="http://hl7.org/fhir/tools/StructureDefinition/ig-parameter"><extension url="code"><valueString value="template-md"/></extension><extension url="value"><valueString value="template-page-md.html"/></extension></extension><extension url="http://hl7.org/fhir/tools/StructureDefinition/ig-parameter"><extension url="code"><valueString value="apply-contact"/></extension><extension url="value"><valueString value="true"/></extension></extension><extension url="http://hl7.org/fhir/tools/StructureDefinition/ig-parameter"><extension url="code"><valueString value="apply-context"/></extension><extension url="value"><valueString value="true"/></extension></extension><extension url="http://hl7.org/fhir/tools/StructureDefinition/ig-parameter"><extension url="code"><valueString value="apply-copyright"/></extension><extension url="value"><valueString value="true"/></extension></extension><extension url="http://hl7.org/fhir/tools/StructureDefinition/ig-parameter"><extension url="code"><valueString value="apply-jurisdiction"/></extension><extension url="value"><valueString value="true"/></extension></extension><extension url="http://hl7.org/fhir/tools/StructureDefinition/ig-parameter"><extension url="code"><valueString value="apply-license"/></extension><extension url="value"><valueString value="true"/></extension></extension><extension url="http://hl7.org/fhir/tools/StructureDefinition/ig-parameter"><extension url="code"><valueString value="apply-publisher"/></extension><extension url="value"><valueString value="true"/></extension></extension><extension url="http://hl7.org/fhir/tools/StructureDefinition/ig-parameter"><extension url="code"><valueString value="apply-version"/></extension><extension url="value"><valueString value="true"/></extension></extension><extension url="http://hl7.org/fhir/tools/StructureDefinition/ig-parameter"><extension url="code"><valueString value="active-tables"/></extension><extension url="value"><valueString value="true"/></extension></extension><grouping id="-str-profile"><name value="Structures: Resource Profiles"/><description value="These define constraints on FHIR resources for systems conforming to this implementation guide"/></grouping><grouping id="-term-valueset"><name value="Terminology: Value Sets"/><description value="These define sets of codes used by systems conforming to this implementation guide"/></grouping><grouping id="-ex-example"><name value="Example: Example Instances"/><description value="These are example instances that show what data produced and consumed by systems conforming with this implementation guide might look like"/></grouping><resource><extension url="http://hl7.org/fhir/StructureDefinition/implementationguide-page"><valueUri value="StructureDefinition-ActicoreBundle.html"/></extension><reference><reference value="StructureDefinition/ActicoreBundle"/></reference><name value="Export-Bundle"/><exampleBoolean value="false"/><groupingId value="-str-profile"/></resource><resource><extension url="http://hl7.org/fhir/StructureDefinition/implementationguide-page"><valueUri value="StructureDefinition-ActicoreComposition.html"/></extension><reference><reference value="StructureDefinition/ActicoreComposition"/></reference><name value="Strukturiertes Export-Dokument"/><exampleBoolean value="false"/><groupingId value="-str-profile"/></resource><resource><extension url="http://hl7.org/fhir/StructureDefinition/implementationguide-page"><valueUri value="StructureDefinition-ActicoreDiagnose.html"/></extension><reference><reference value="StructureDefinition/ActicoreDiagnose"/></reference><name value="Diagnose-Profil der DiGa ACTICORE"/><exampleBoolean value="false"/><groupingId value="-str-profile"/></resource><resource><extension url="http://hl7.org/fhir/StructureDefinition/implementationguide-page"><valueUri value="StructureDefinition-ActicoreObservation.html"/></extension><reference><reference value="StructureDefinition/ActicoreObservation"/></reference><name value="Observation-Profile der DiGa ACTICORE zur Repräsentation der in den einzelnen Übungseinheiten erzielten Punktwerte"/><exampleBoolean value="false"/><groupingId value="-str-profile"/></resource><resource><extension url="http://hl7.org/fhir/StructureDefinition/implementationguide-page"><valueUri value="StructureDefinition-ActicorePatient.html"/></extension><reference><reference value="StructureDefinition/ActicorePatient"/></reference><name value="Patienten-Profil der DiGa ACTICORE"/><exampleBoolean value="false"/><groupingId value="-str-profile"/></resource><resource><extension url="http://hl7.org/fhir/StructureDefinition/implementationguide-page"><valueUri value="StructureDefinition-MyPatient.html"/></extension><reference><reference value="StructureDefinition/MyPatient"/></reference><name value="MyPatient"/><description value="An example profile of the Patient resource."/><exampleBoolean value="false"/><groupingId value="-str-profile"/></resource><resource><extension url="http://hl7.org/fhir/StructureDefinition/implementationguide-page"><valueUri value="ValueSet-ActicoreTherapieTyp.html"/></extension><reference><reference value="ValueSet/ActicoreTherapieTyp"/></reference><name value="Acticore Therapie-Typen"/><exampleBoolean value="false"/><groupingId value="-term-valueset"/></resource><resource><extension url="http://hl7.org/fhir/StructureDefinition/implementationguide-page"><valueUri value="Device-Acticore1App.html"/></extension><reference><reference value="Device/Acticore1App"/></reference><name value="Acticore1App"/><exampleBoolean value="true"/><groupingId value="-ex-example"/></resource><resource><extension url="http://hl7.org/fhir/StructureDefinition/implementationguide-page"><valueUri value="Device-Acticore1SensorSeat.html"/></extension><reference><reference value="Device/Acticore1SensorSeat"/></reference><name value="Acticore1SensorSeat"/><exampleBoolean value="true"/><groupingId value="-ex-example"/></resource><resource><extension url="http://hl7.org/fhir/StructureDefinition/implementationguide-page"><valueUri value="Composition-ActicoreCompositionBeispiel.html"/></extension><reference><reference value="Composition/ActicoreCompositionBeispiel"/></reference><name value="ActicoreCompositionBeispiel"/><exampleCanonical value="http://example.org/StructureDefinition/ActicoreComposition"/><groupingId value="-ex-example"/></resource><resource><extension url="http://hl7.org/fhir/StructureDefinition/implementationguide-page"><valueUri value="Condition-ActicoreDiagnoseBeispiel.html"/></extension><reference><reference value="Condition/ActicoreDiagnoseBeispiel"/></reference><name value="ActicoreDiagnoseBeispiel"/><exampleCanonical value="https://acticore.com/fhir/StructureDefinition/ActicoreDiagnose"/><groupingId value="-ex-example"/></resource><resource><extension url="http://hl7.org/fhir/StructureDefinition/implementationguide-page"><valueUri value="Observation-ActicoreObservationBeispiel1.html"/></extension><reference><reference value="Observation/ActicoreObservationBeispiel1"/></reference><name value="ActicoreObservationBeispiel1"/><exampleCanonical value="https://acticore.com/fhir/StructureDefinition/ActicoreObservation"/><groupingId value="-ex-example"/></resource><resource><extension url="http://hl7.org/fhir/StructureDefinition/implementationguide-page"><valueUri value="Observation-ActicoreObservationBeispiel2.html"/></extension><reference><reference value="Observation/ActicoreObservationBeispiel2"/></reference><name value="ActicoreObservationBeispiel2"/><exampleCanonical value="https://acticore.com/fhir/StructureDefinition/ActicoreObservation"/><groupingId value="-ex-example"/></resource><resource><extension url="http://hl7.org/fhir/StructureDefinition/implementationguide-page"><valueUri value="Patient-ActicorePatientBeispiel.html"/></extension><reference><reference value="Patient/ActicorePatientBeispiel"/></reference><name value="ActicorePatientBeispiel"/><exampleCanonical value="https://acticore.com/fhir/StructureDefinition/ActicorePatient"/><groupingId value="-ex-example"/></resource><resource><extension url="http://hl7.org/fhir/StructureDefinition/implementationguide-page"><valueUri value="Bundle-BeispielBundle.html"/></extension><reference><reference value="Bundle/BeispielBundle"/></reference><name value="BeispielBundle"/><exampleCanonical value="http://example.org/StructureDefinition/ActicoreBundle"/><groupingId value="-ex-example"/></resource><resource><extension url="http://hl7.org/fhir/StructureDefinition/implementationguide-page"><valueUri value="Patient-PatientExample.html"/></extension><reference><reference value="Patient/PatientExample"/></reference><name value="PatientExample"/><description value="An example of a patient with a license to krill."/><exampleCanonical value="http://example.org/StructureDefinition/MyPatient"/><groupingId value="-ex-example"/></resource><page><nameUrl value="toc.html"/><title value="Table of Contents"/><generation value="html"/><page><nameUrl value="index.html"/><title value="Home"/><generation value="markdown"/></page><page><nameUrl value="artifacts.html"/><title value="Artifacts Summary"/><generation value="html"/><page><nameUrl value="StructureDefinition-ActicoreBundle.html"/><title value="Export-Bundle"/><generation value="generated"/></page><page><nameUrl value="StructureDefinition-ActicoreComposition.html"/><title value="Strukturiertes Export-Dokument"/><generation value="generated"/></page><page><nameUrl value="StructureDefinition-ActicoreDiagnose.html"/><title value="Diagnose-Profil der DiGa ACTICORE"/><generation value="generated"/></page><page><nameUrl value="StructureDefinition-ActicoreObservation.html"/><title value="Observation-Profile der DiGa ACTICORE zur Repräsentation der in den einzelnen Übungseinheiten erzielten Punktwerte"/><generation value="generated"/></page><page><nameUrl value="StructureDefinition-ActicorePatient.html"/><title value="Patienten-Profil der DiGa ACTICORE"/><generation value="generated"/></page><page><nameUrl value="StructureDefinition-MyPatient.html"/><title value="MyPatient"/><generation value="generated"/></page><page><nameUrl value="ValueSet-ActicoreTherapieTyp.html"/><title value="Acticore Therapie-Typen"/><generation value="generated"/></page><page><nameUrl value="Device-Acticore1App.html"/><title value="Acticore1App"/><generation value="generated"/></page><page><nameUrl value="Device-Acticore1SensorSeat.html"/><title value="Acticore1SensorSeat"/><generation value="generated"/></page><page><nameUrl value="Composition-ActicoreCompositionBeispiel.html"/><title value="ActicoreCompositionBeispiel"/><generation value="generated"/></page><page><nameUrl value="Condition-ActicoreDiagnoseBeispiel.html"/><title value="ActicoreDiagnoseBeispiel"/><generation value="generated"/></page><page><nameUrl value="Observation-ActicoreObservationBeispiel1.html"/><title value="ActicoreObservationBeispiel1"/><generation value="generated"/></page><page><nameUrl value="Observation-ActicoreObservationBeispiel2.html"/><title value="ActicoreObservationBeispiel2"/><generation value="generated"/></page><page><nameUrl value="Patient-ActicorePatientBeispiel.html"/><title value="ActicorePatientBeispiel"/><generation value="generated"/></page><page><nameUrl value="Bundle-BeispielBundle.html"/><title value="BeispielBundle"/><generation value="generated"/></page><page><nameUrl value="Patient-PatientExample.html"/><title value="PatientExample"/><generation value="generated"/></page></page></page><parameter><code value="path-resource"/><value value="input/capabilities"/></parameter><parameter><code value="path-resource"/><value value="input/examples"/></parameter><parameter><code value="path-resource"/><value value="input/extensions"/></parameter><parameter><code value="path-resource"/><value value="input/models"/></parameter><parameter><code value="path-resource"/><value value="input/operations"/></parameter><parameter><code value="path-resource"/><value value="input/profiles"/></parameter><parameter><code value="path-resource"/><value value="input/resources"/></parameter><parameter><code value="path-resource"/><value value="input/vocabulary"/></parameter><parameter><code value="path-resource"/><value value="input/maps"/></parameter><parameter><code value="path-resource"/><value value="input/testing"/></parameter><parameter><code value="path-resource"/><value value="input/history"/></parameter><parameter><code value="path-resource"/><value value="fsh-generated/resources"/></parameter><parameter><code value="path-pages"/><value value="template/config"/></parameter><parameter><code value="path-pages"/><value value="input/images"/></parameter><parameter><code value="path-tx-cache"/><value value="input-cache/txcache"/></parameter></definition></ImplementationGuide>