{
  "resourceType": "Bundle",
  "id": "BeispielBundle",
  "meta": {
    "profile": [
      "http://example.org/StructureDefinition/ActicoreBundle",
      "https://acticore.com/fhir/StructureDefinition/ActicoreBundle"
    ]
  },
  "identifier": {
    "system": "https://acticore.com/fhir/sid/export-id",
    "value": "1"
  },
  "type": "document",
  "timestamp": "2021-03-12T09:29:23.356+01:00",
  "entry": [
    {
      "fullUrl": "urn:uuid:8ef2f610-ea5e-4985-9588-d9b3cbec6f82",
      "resource": {
        "resourceType": "Composition",
        "id": "8ef2f610-ea5e-4985-9588-d9b3cbec6f82",
        "meta": {
          "profile": [
            "http://example.org/StructureDefinition/ActicoreComposition"
          ]
        },
        "text": {
          "status": "generated",
          "div": "<p></p><h3>Datenexport aus ACTICORE vom 12.2.2021</h3><p>für Max Mustermann (*01.01.1979)</p><p>von DiGa ACTICORE (Version 1.2)</p><p></p>"
        },
        "status": "final",
        "type": {
          "text": "DiGa-Datenexport"
        },
        "subject": {
          "reference": "urn:uuid:12d28533-d513-4dfb-9210-d94979887878"
        },
        "date": "2021-03-12",
        "author": [
          {
            "reference": "urn:uuid:e30fb469-d017-44d3-95eb-2fac4e71f36f"
          }
        ],
        "title": "Datenexport aus Acticore",
        "section": [
          {
            "title": "Diagnosen",
            "text": {
              "status": "generated",
              "div": "<p></p><h3>Diagnosen</h3><ul><li>Diagnose: Inkontinenz (erfasst am 12.3.2021)</li></ul><p></p>"
            },
            "entry": [
              {
                "reference": "urn:uuid:88fce616-6e2e-454b-929c-a6d474e7be9f"
              }
            ]
          },
          {
            "title": "Übungsergebnisse",
            "text": {
              "status": "generated",
              "div": "<table><tr><th>Datum</th><th>Übung</th><th>Ergebnis</th></tr><tr><td>12.3.2021</td><td>Ausdauer</td><td>86%</td></tr><tr><td>11.3.2021</td><td>Koordination</td><td>72%</td></tr></table>"
            },
            "entry": [
              {
                "reference": "urn:uuid:423bc194-894b-4048-ba63-5dc6ce895445"
              },
              {
                "reference": "urn:uuid:052cee59-23b2-45a2-bc81-7536ecddce46"
              }
            ]
          }
        ]
      }
    },
    {
      "fullUrl": "urn:uuid:423bc194-894b-4048-ba63-5dc6ce895445",
      "resource": {
        "resourceType": "Observation",
        "id": "423bc194-894b-4048-ba63-5dc6ce895445",
        "meta": {
          "profile": [
            "https://acticore.com/fhir/StructureDefinition/ActicoreObservation"
          ]
        },
        "text": {
          "status": "generated",
          "div": "<div xmlns=\"http://www.w3.org/1999/xhtml\"><p><b>Generated Narrative</b></p><p></p><p><b>category</b>: <span title=\"Codes: {http://terminology.hl7.org/CodeSystem/observation-category therapy}\">Therapy</span></p><p><b>code</b>: <span title=\"Codes: {http://snomed.info/sct 88965008}\">Muscular endurance development exercise (regime/therapy)</span></p><p><b>subject</b>: <a href=\"#Patient_12d28533-d513-4dfb-9210-d94979887878\">See above (Patient/12d28533-d513-4dfb-9210-d94979887878)</a></p><p><b>effective</b>: 2021-03-12</p><p><b>value</b>: 86 percent</p><p><b>bodySite</b>: <span title=\"Codes: {http://snomed.info/sct 87770006}\">Pelvic floor structure (body structure)</span></p><p><b>method</b>: <span title=\"Codes: {http://snomed.info/sct 183306002}\">Pelvic floor exercises (regime/therapy)</span></p><p><b>device</b>: <a href=\"#Device_e30fb469-d017-44d3-95eb-2fac4e71f36f\">See above (Device/e30fb469-d017-44d3-95eb-2fac4e71f36f)</a></p></div>"
        },
        "status": "final",
        "category": [
          {
            "coding": [
              {
                "system": "http://terminology.hl7.org/CodeSystem/observation-category",
                "code": "therapy",
                "display": "Therapy"
              }
            ]
          }
        ],
        "code": {
          "coding": [
            {
              "system": "http://snomed.info/sct",
              "code": "88965008",
              "display": "Muscular endurance development exercise (regime/therapy)"
            }
          ]
        },
        "subject": {
          "reference": "urn:uuid:12d28533-d513-4dfb-9210-d94979887878"
        },
        "effectiveDateTime": "2021-03-12",
        "valueQuantity": {
          "value": 86,
          "unit": "percent",
          "system": "http://unitsofmeasure.org",
          "code": "%"
        },
        "bodySite": {
          "coding": [
            {
              "system": "http://snomed.info/sct",
              "code": "87770006",
              "display": "Pelvic floor structure (body structure)"
            }
          ]
        },
        "method": {
          "coding": [
            {
              "system": "http://snomed.info/sct",
              "code": "183306002",
              "display": "Pelvic floor exercises (regime/therapy)"
            }
          ]
        },
        "device": {
          "reference": "urn:uuid:e30fb469-d017-44d3-95eb-2fac4e71f36f"
        }
      }
    },
    {
      "fullUrl": "urn:uuid:052cee59-23b2-45a2-bc81-7536ecddce46",
      "resource": {
        "resourceType": "Observation",
        "id": "052cee59-23b2-45a2-bc81-7536ecddce46",
        "meta": {
          "profile": [
            "https://acticore.com/fhir/StructureDefinition/ActicoreObservation"
          ]
        },
        "text": {
          "status": "generated",
          "div": "<div xmlns=\"http://www.w3.org/1999/xhtml\"><p><b>Generated Narrative</b></p><p></p><p><b>category</b>: <span title=\"Codes: {http://terminology.hl7.org/CodeSystem/observation-category therapy}\">Therapy</span></p><p><b>code</b>: <span title=\"Codes: {http://snomed.info/sct 83439001}\">Coordination exercise (regime/therapy)</span></p><p><b>subject</b>: <a href=\"#Patient_12d28533-d513-4dfb-9210-d94979887878\">See above (Patient/12d28533-d513-4dfb-9210-d94979887878)</a></p><p><b>effective</b>: 2021-03-11</p><p><b>value</b>: 72 percent</p><p><b>bodySite</b>: <span title=\"Codes: {http://snomed.info/sct 87770006}\">Pelvic floor structure (body structure)</span></p><p><b>method</b>: <span title=\"Codes: {http://snomed.info/sct 183306002}\">Pelvic floor exercises (regime/therapy)</span></p><p><b>device</b>: <a href=\"#Device_e30fb469-d017-44d3-95eb-2fac4e71f36f\">See above (Device/e30fb469-d017-44d3-95eb-2fac4e71f36f)</a></p></div>"
        },
        "status": "final",
        "category": [
          {
            "coding": [
              {
                "system": "http://terminology.hl7.org/CodeSystem/observation-category",
                "code": "therapy",
                "display": "Therapy"
              }
            ]
          }
        ],
        "code": {
          "coding": [
            {
              "system": "http://snomed.info/sct",
              "code": "83439001",
              "display": "Coordination exercise (regime/therapy)"
            }
          ]
        },
        "subject": {
          "reference": "urn:uuid:12d28533-d513-4dfb-9210-d94979887878"
        },
        "effectiveDateTime": "2021-03-11",
        "valueQuantity": {
          "value": 72,
          "unit": "percent",
          "system": "http://unitsofmeasure.org",
          "code": "%"
        },
        "bodySite": {
          "coding": [
            {
              "system": "http://snomed.info/sct",
              "code": "87770006",
              "display": "Pelvic floor structure (body structure)"
            }
          ]
        },
        "method": {
          "coding": [
            {
              "system": "http://snomed.info/sct",
              "code": "183306002",
              "display": "Pelvic floor exercises (regime/therapy)"
            }
          ]
        },
        "device": {
          "reference": "urn:uuid:e30fb469-d017-44d3-95eb-2fac4e71f36f"
        }
      }
    },
    {
      "fullUrl": "urn:uuid:88fce616-6e2e-454b-929c-a6d474e7be9f",
      "resource": {
        "resourceType": "Condition",
        "id": "88fce616-6e2e-454b-929c-a6d474e7be9f",
        "meta": {
          "profile": [
            "https://acticore.com/fhir/StructureDefinition/ActicoreDiagnose"
          ]
        },
        "text": {
          "status": "generated",
          "div": "<div xmlns=\"http://www.w3.org/1999/xhtml\"><p><b>Generated Narrative</b></p><p><b>code</b>: <span title=\"Codes: \">Inkontinenz</span></p><p><b>subject</b>: <a href=\"#Patient_12d28533-d513-4dfb-9210-d94979887878\">See above (Patient/12d28533-d513-4dfb-9210-d94979887878)</a></p><p><b>recordedDate</b>: 2021-03-12</p></div>"
        },
        "code": {
          "text": "Inkontinenz"
        },
        "subject": {
          "reference": "urn:uuid:12d28533-d513-4dfb-9210-d94979887878"
        },
        "recordedDate": "2021-03-12"
      }
    },
    {
      "fullUrl": "urn:uuid:df07b48e-ce51-4565-b3b8-83174b5609cd",
      "resource": {
        "resourceType": "Device",
        "id": "df07b48e-ce51-4565-b3b8-83174b5609cd",
        "text": {
          "status": "generated",
          "div": "<div xmlns=\"http://www.w3.org/1999/xhtml\"><p><b>Generated Narrative</b></p><p><b>manufacturer</b>: ACTICORE</p><p><b>serialNumber</b>: example</p><h3>DeviceNames</h3><table class=\"grid\"><tr><td>-</td><td><b>Name</b></td><td><b>Type</b></td></tr><tr><td>*</td><td>ACTICORE1 SensorSeat</td><td>model-name</td></tr></table><h3>Versions</h3><table class=\"grid\"><tr><td>-</td><td><b>Value</b></td></tr><tr><td>*</td><td>1</td></tr></table><p><b>patient</b>: <a href=\"#Patient_12d28533-d513-4dfb-9210-d94979887878\">See above (Patient/12d28533-d513-4dfb-9210-d94979887878)</a></p></div>"
        },
        "manufacturer": "ACTICORE",
        "serialNumber": "example",
        "deviceName": [
          {
            "name": "ACTICORE1 SensorSeat",
            "type": "model-name"
          }
        ],
        "version": [
          {
            "value": "1"
          }
        ],
        "patient": {
          "reference": "urn:uuid:12d28533-d513-4dfb-9210-d94979887878"
        }
      }
    },
    {
      "fullUrl": "urn:uuid:e30fb469-d017-44d3-95eb-2fac4e71f36f",
      "resource": {
        "resourceType": "Device",
        "id": "e30fb469-d017-44d3-95eb-2fac4e71f36f",
        "text": {
          "status": "generated",
          "div": "<div xmlns=\"http://www.w3.org/1999/xhtml\"><p><b>Generated Narrative</b></p><p><b>manufacturer</b>: ACTICORE</p><p><b>serialNumber</b>: example</p><h3>DeviceNames</h3><table class=\"grid\"><tr><td>-</td><td><b>Name</b></td><td><b>Type</b></td></tr><tr><td>*</td><td>ACTICORE1 App</td><td>model-name</td></tr></table><h3>Versions</h3><table class=\"grid\"><tr><td>-</td><td><b>Value</b></td></tr><tr><td>*</td><td>1.2</td></tr></table><p><b>patient</b>: <a href=\"#Patient_12d28533-d513-4dfb-9210-d94979887878\">See above (Patient/12d28533-d513-4dfb-9210-d94979887878)</a></p></div>"
        },
        "manufacturer": "ACTICORE",
        "serialNumber": "example",
        "deviceName": [
          {
            "name": "ACTICORE1 App",
            "type": "model-name"
          }
        ],
        "version": [
          {
            "value": "1.2"
          }
        ],
        "patient": {
          "reference": "urn:uuid:12d28533-d513-4dfb-9210-d94979887878"
        }
      }
    },
    {
      "fullUrl": "urn:uuid:12d28533-d513-4dfb-9210-d94979887878",
      "resource": {
        "resourceType": "Patient",
        "id": "12d28533-d513-4dfb-9210-d94979887878",
        "meta": {
          "profile": [
            "https://acticore.com/fhir/StructureDefinition/ActicorePatient"
          ]
        },
        "text": {
          "status": "generated",
          "div": "<div xmlns=\"http://www.w3.org/1999/xhtml\"><p><b>Generated Narrative</b></p><p><b>name</b>: Max Mustermann </p><p><b>gender</b>: male</p><p><b>birthDate</b>: 1970-01-01</p></div>"
        },
        "name": [
          {
            "family": "Mustermann",
            "given": [
              "Max"
            ]
          }
        ],
        "gender": "male",
        "birthDate": "1970-01-01"
      }
    }
  ]
}