{
  "resourceType": "Condition",
  "id": "ActicoreDiagnoseBeispiel",
  "meta": {
    "profile": [
      "https://acticore.com/fhir/StructureDefinition/ActicoreDiagnose"
    ]
  },
  "text": {
    "status": "generated",
    "div": "<div xmlns=\"http://www.w3.org/1999/xhtml\"><p><b>Generated Narrative</b></p><p><b>code</b>: <span title=\"Codes: \">Inkontinenz</span></p><p><b>subject</b>: <a href=\"Patient-ActicorePatientBeispiel.html\">Generated Summary: Max Mustermann ; gender: male; birthDate: 1970-01-01</a></p><p><b>recordedDate</b>: 2021-03-12</p></div>"
  },
  "code": {
    "text": "Inkontinenz"
  },
  "subject": {
    "reference": "Patient/ActicorePatientBeispiel"
  },
  "recordedDate": "2021-03-12"
}