{
  "resourceType" : "Bundle",
  "id" : "f1772173-84b0-48d3-8b61-c7ae18541545",
  "meta" : {
    "lastUpdated" : "2021-10-08T12:35:43.815+00:00"
  },
  "type" : "collection",
  "entry" : [{
    "fullUrl" : "http://example.org/ValueSet/ActicoreTherapieTyp",
    "resource" : {
      "resourceType" : "ValueSet",
      "id" : "ActicoreTherapieTyp",
      "text" : {
        "status" : "generated",
        "div" : "<div xmlns=\"http://www.w3.org/1999/xhtml\"><p>This value set contains 3 concepts</p><p style=\"border: black 1px dotted; background-color: #EEEEEE; padding: 8px; margin-bottom: 8px\">Expansion based on SNOMED CT International edition 31-Jul 2021</p><p>All codes in this table are from the system <a href=\"http://terminology.hl7.org/2.1.0/CodeSystem-v3-snomed-CT.html\"><code>http://snomed.info/sct</code></a></p><table class=\"codes\"><tr><td style=\"white-space:nowrap\"><b>Code</b></td><td><b>Display</b></td><td><b>Definition</b></td></tr><tr><td style=\"white-space:nowrap\"><a name=\"http---snomed.info-sct-88965008\"> </a><a href=\"http://browser.ihtsdotools.org/?perspective=full&amp;conceptId1=88965008\">88965008</a></td><td>Muscular endurance development exercise</td><td/></tr><tr><td style=\"white-space:nowrap\"><a name=\"http---snomed.info-sct-83439001\"> </a><a href=\"http://browser.ihtsdotools.org/?perspective=full&amp;conceptId1=83439001\">83439001</a></td><td>Coordination exercise</td><td/></tr><tr><td style=\"white-space:nowrap\"><a name=\"http---snomed.info-sct-229173003\"> </a><a href=\"http://browser.ihtsdotools.org/?perspective=full&amp;conceptId1=229173003\">229173003</a></td><td>Speed changing training</td><td/></tr></table></div>"
      },
      "url" : "http://example.org/ValueSet/ActicoreTherapieTyp",
      "version" : "0.1.0",
      "name" : "ActicoreTherapieTyp",
      "title" : "Acticore Therapie-Typen",
      "status" : "active",
      "date" : "2021-10-08T12:35:43+00:00",
      "publisher" : "Gefyra GmbH",
      "contact" : [{
        "name" : "Gefyra GmbH",
        "telecom" : [{
          "system" : "url",
          "value" : "http://gefyra.de"
        }]
      }],
      "expansion" : {
        "identifier" : "urn:uuid:baffef52-403d-4b85-b4e6-bf2b23d66cfa",
        "timestamp" : "2021-10-08T12:36:02+00:00",
        "total" : 3,
        "parameter" : [{
          "name" : "excludeNested",
          "valueBoolean" : false
        },
        {
          "name" : "limitedExpansion",
          "valueBoolean" : true
        },
        {
          "name" : "version",
          "valueString" : "http://snomed.info/sct|http://snomed.info/sct/900000000000207008/version/20210731"
        }],
        "contains" : [{
          "system" : "http://snomed.info/sct",
          "code" : "88965008",
          "display" : "Muscular endurance development exercise"
        },
        {
          "system" : "http://snomed.info/sct",
          "code" : "83439001",
          "display" : "Coordination exercise"
        },
        {
          "system" : "http://snomed.info/sct",
          "code" : "229173003",
          "display" : "Speed changing training"
        }]
      }
    }
  }]
}