<?xml version="1.0" encoding="UTF-8"?>

<Patient xmlns="http://hl7.org/fhir">
  <id value="ActicorePatientBeispiel"/>
  <meta>
    <profile value="https://acticore.com/fhir/StructureDefinition/ActicorePatient"/>
  </meta>
  <text>
    <status value="generated"/><div xmlns="http://www.w3.org/1999/xhtml"><p><b>Generated Narrative</b></p><p><b>name</b>: Max Mustermann </p><p><b>gender</b>: male</p><p><b>birthDate</b>: 1970-01-01</p></div>
  </text>
  <name>
    <family value="Mustermann"/>
    <given value="Max"/>
  </name>
  <gender value="male"/>
  <birthDate value="1970-01-01"/>
</Patient>